rsi_buy,rsi_sell,trades,total_return_pct,cagr_pct,winrate_pct,profit_factor,expectancy_pct_per_trade,max_drawdown_pct,avg_win_pct,avg_loss_pct
50,57,27,20.597109263644377,3.823671009427221,70.37037037037037,1.4537023682137358,0.9540190047425536,-26.186864056686552,4.343818206002164,-7.096754098249024
50,59,23,18.591887231521632,3.4754683432791644,69.56521739130434,1.4751116578240993,1.0115572084658238,-24.792158757134196,4.5146855931649235,-6.995593385132117
50,55,29,10.947436525999631,2.1032441465644425,72.41379310344827,1.2800782390633623,0.5910596677100484,-26.186864056686552,3.7305011311027583,-7.649974173695816
48,57,21,8.341092832749887,1.618094769845535,61.904761904761905,1.2914607586035276,0.6782619756040508,-25.150081811677083,4.854835696893334,-6.108670321491035
